{"UMC": {"2026-05": {"revenue_ntd_thousand": 22943755.0, "yoy": 0.17780738526586448}}, "TSM": {"2026-05": {"revenue_ntd_thousand": 416975163.0, "yoy": 0.3009498020271696}}}